name,code,entry_year,category,actual_1y,label_2x,label_3x,mb_score_3x,pass_3x,mb_score_2x,pass_2x,pts,floor,s1,s2,s3,s4,scp,p_eff,s4_ovmv,catalyst_grade,regime,mb_raw,secondary_mult,resonance,source
宁德时代,300750,2020,3x,3.5,True,True,1.111153734675526,True,1.0874864865898195,True,0.985,0.9,0.92,0.96,0.5,0.985,0.9,5.0,8.0,S+,R1,0.8569903594989748,1.03,1.1,Prompt文件原始样本
韦尔股份,603501,2019,3x,5.5,True,True,1.0684868797172922,True,1.0406133089420586,True,0.94,0.9,0.9,0.94,0.5,0.9175,0.75,6.0,6.0,S+,R2,0.8280918233878107,1.02,1.1,Prompt文件原始样本
紫光国微,002049,2021,3x,3.6,True,True,1.0639808554868417,True,1.0309453959190475,True,0.955,0.9,0.9,0.92,0.5,0.9099999999999999,0.7,8.0,6.0,S+,R2,0.8203983606434995,1.02,1.1,Prompt文件原始样本
中微公司,688012,2022,2x,2.8,True,False,1.0267148978707266,True,1.0174953570415497,True,0.9840000000000001,0.9,0.84,0.9,0.5,0.939,1.0,8.0,4.5,S+,R3,0.8096951848115208,1.02,1.1,扩展正样本：刻蚀设备，制裁加速国产替代
新易盛,300502,2023,3x,4.5,True,True,1.0264171335300005,True,0.9996410343944355,True,0.94,0.9,0.86,0.9,0.5,0.8725,0.75,8.0,5.5,S+,R2,0.7954871995117418,1.02,1.1,Prompt文件原始样本
立讯精密,002475,2019,3x,4.2,True,True,1.0130319993213703,True,0.9891237043893488,True,0.9474999999999999,0.9,0.9,0.92,0.5,0.925,0.8,8.0,5.5,S+,R2,0.8245995934951886,1.02,1.05,Prompt文件原始样本
长川科技,300604,2023,3x,4.2,True,True,1.0066386203241005,True,0.9829456432821962,True,0.9474999999999999,0.9,0.9,0.9,0.5,0.88,0.8,8.0,5.5,S+,R2,0.8063932582141775,0.9894,1.1,扩展正样本：半导体测试设备国产化加速
迈为股份,300751,2021,3x,3.8,True,True,1.0061590667868288,True,0.9869781989718923,True,0.8865000000000001,0.9,0.86,0.88,0.5,0.8565,0.75,10.0,5.0,S+,R2,0.7854104588202605,1.02,1.1,扩展正样本：HJT丝网印刷设备龙头
北方华创,002371,2022,2x,2.6,True,False,1.0004817467868288,True,0.9840943828560296,True,0.9315000000000001,0.9,0.84,0.88,0.5,0.864,0.8,6.0,4.5,S+,R3,0.7831155962376093,1.02,1.1,扩展正样本：半导体设备，制裁后国产化提速
阳光电源,300274,2020,3x,4.5,True,True,0.9759840458036388,True,0.957231612791617,True,0.9240000000000002,0.9,0.86,0.88,0.5,0.9015,0.75,8.0,5.0,S+,R1,0.798012215545899,1.02,1.05,Prompt文件原始样本
中际旭创,300308,2023,3x,5.5,True,True,0.9633476032130398,True,0.942921592178517,True,0.985,0.9,0.92,0.96,0.5,0.94,0.9,5.0,7.0,S+,R2,0.8443936840355639,1.03,1.1,Prompt文件原始样本
寒武纪_24,688256,2024,3x,3.8,True,True,0.9554553331817542,True,0.9281495754531517,True,0.9324999999999999,0.9,0.94,0.96,0.5,0.865,0.7,8.0,6.5,S+,R2,0.8276515431989874,0.910248,1.1,Prompt文件原始样本
隆基绿能,601012,2020,3x,3.2,True,True,0.9550053037510636,True,0.9343101155421147,True,0.879,0.9,0.84,0.88,0.5,0.849,0.7,10.0,4.5,S+,R1,0.7789033242814748,1.02,1.05,Prompt文件原始样本
澜起科技,688008,2023,2x,2.8,True,False,0.9550053037510636,True,0.9393628199989371,True,0.894,0.9,0.84,0.88,0.5,0.864,0.8,10.0,4.5,S+,R2,0.7831155962376093,1.02,1.05,扩展正样本：DDR5内存接口芯片，AI服务器内存扩张
拓荆科技,688072,2022,2x,2.2,True,False,0.9189198573586852,True,0.8990730220923264,True,0.9165000000000001,0.9,0.8,0.86,0.5,0.849,0.7,6.0,4.0,S+,R3,0.7645178759288489,1.0,1.05,扩展正样本：CVD设备国产唯一选择
天孚通信,300394,2023,3x,4.5,True,True,0.9132391607064007,True,0.8917445011219925,True,0.9474999999999999,0.9,0.9,0.9,0.5,0.88,0.8,5.0,5.5,S+,R2,0.8063932582141775,1.02,1.1,扩展正样本：光器件，AI光互连需求爆发
天齐锂业,002466,2021,3x,4.2,True,True,0.9111733751045733,True,0.8964500531219308,True,0.894,0.9,0.84,0.88,0.5,0.8190000000000001,0.8,15.0,5.0,S+,R2,0.7704542754575462,0.9894,1.05,Prompt文件原始样本（周期股）
寒武纪,688256,2023,3x,3.2,True,True,0.9030377082730704,True,0.8810854731517783,True,0.9090000000000001,0.9,0.82,0.88,0.5,0.8415,0.65,6.0,5.0,S+,R2,0.7723941660984099,0.97,1.05,Prompt文件原始样本
药明康德,603259,2020,2x,3.0,True,True,0.8948036223658611,True,0.8965654719045231,True,0.8364999999999999,0.9,0.88,0.84,0.5,0.844,0.8,12.0,2.5,S,R1,0.7751197149639684,1.02,1.05,2x Patch样本（CXO）
卓胜微,300782,2020,3x,3.5,True,True,0.8774260572772629,True,0.8608219575464953,True,0.9240000000000002,0.9,0.88,0.9,0.5,0.7965,0.75,8.0,5.0,S+,R1,0.7784303937000246,1.02,1.1,扩展正样本：射频芯片国产化，5G手机渗透加速
海光信息,688041,2023,2x,2.5,True,False,0.8748186004902592,True,0.8675788254094048,True,0.874,0.9,0.84,0.88,0.5,0.784,0.7,8.0,3.0,S+,R2,0.7605537076665656,0.97,1.05,2x Patch样本（国产CPU）
亿纬锂能,300014,2019,3x,3.5,True,True,0.8708998063492314,True,0.8590855589047627,True,0.879,0.9,0.82,0.88,0.5,0.789,0.7,8.0,4.2,S,R2,0.7575710395985561,1.0,1.05,Prompt文件原始样本
奥特维,688516,2021,3x,3.8,True,True,0.8669597962025316,True,0.8552026381183626,True,0.8115,0.9,0.82,0.86,0.5,0.7965000000000001,0.65,12.0,4.0,S,R2,0.7541469471943233,1.0,1.05,Prompt文件原始样本
电科芯片,688595,2022,2x,2.4,True,False,0.8594263787012698,True,0.8478104324709991,True,0.8414999999999999,0.9,0.8,0.86,0.5,0.789,0.7,10.0,3.5,S,R3,0.7476282473289233,1.0,1.05,扩展正样本：军用芯片国产化
闻泰科技,600745,2019,3x,3.8,True,True,0.8587006387017221,True,0.849567538981079,True,0.819,0.9,0.84,0.88,0.5,0.744,0.7,12.0,4.5,S,R2,0.7491777239692053,1.0,1.05,Prompt文件原始样本
罗博特科,688619,2024,3x,2.5,True,True,0.855464669753224,True,0.8415097474565332,True,0.8039999999999999,0.9,0.8,0.84,0.5,0.789,0.6,10.0,3.5,S,R2,0.7420720877041738,1.0,1.05,Prompt文件原始样本
盐湖股份,000792,2021,2x,3.0,True,True,0.849288086304357,True,0.8521562167363798,True,0.7865000000000001,0.85,0.84,0.84,0.5,0.739,0.8,20.0,3.0,S,R2,0.7367259888096792,1.02,1.05,2x Patch样本（盐湖资源周期）
赣锋锂业,002460,2020,2x,2.2,True,False,0.8441044463043571,True,0.8446019512166323,True,0.829,0.9,0.82,0.84,0.5,0.7315,0.75,12.0,2.5,S,R1,0.7301949988040185,1.02,1.05,2x Patch样本（锂资源周期）
恒玄科技,688608,2023,2x,2.5,True,False,0.8403158504851365,True,0.8381683893538298,True,0.7915,0.85,0.88,0.84,0.5,0.7165,0.65,12.0,3.0,S,R2,0.7391255638040826,1.0,1.05,2x Patch样本（TWS芯片）
国联股份,603613,2019,3x,3.2,True,True,0.8390115443969316,True,0.8253721710698241,True,0.8039999999999999,0.9,0.8,0.85,0.5,0.729,0.6,10.0,3.5,S,R2,0.7278414206964938,1.0,1.05,Prompt文件原始样本
胜宏科技,300476,2023,3x,3.2,True,True,0.8128398097664927,True,0.7974961723825644,True,0.894,0.9,0.86,0.88,0.5,0.804,0.7,5.0,4.0,S+,R2,0.770617049689398,1.0,1.05,扩展正样本：AI服务器PCB，P_eff=5.4%（价值量修正）
科沃斯,603486,2020,2x,3.0,True,True,0.8025854002412306,True,0.7938528908558169,True,0.7689999999999999,0.85,0.84,0.8,0.5,0.649,0.5,12.0,3.0,S,R1,0.7000466409663287,1.0,1.05,2x Patch样本（扫地机器人）
石头科技,688169,2020,2x,2.8,True,False,0.7997672002412305,False,0.7935219664170269,True,0.7765,0.85,0.88,0.8,0.45,0.6565000000000001,0.55,15.0,3.0,S,R1,0.6997548204735686,1.0,1.05,2x Patch样本（扫地机器人）
赛力斯,601127,2024,2x,3.0,True,True,0.7879894918680267,False,0.773662410197699,True,0.6609999999999999,0.85,0.8,0.88,0.45,0.606,0.5,20.0,2.0,S,R2,0.6895512273108165,0.9894,1.05,2x Patch样本（新能源车）
圣邦股份,300661,2019,2x,2.8,True,False,0.7765408512775257,False,0.7639499219491188,True,0.8039999999999999,0.9,0.82,0.8,0.45,0.729,0.6,15.0,3.5,S,R2,0.7073610388417766,1.0,1.0,2x Patch样本（模拟芯片）
工业富联,601138,2023,2x,2.2,True,False,0.7698872982005223,False,0.7618168134037722,True,0.7709999999999999,0.85,0.8,0.82,0.5,0.756,0.7,12.0,2.0,S,R2,0.7272019982853877,0.97,1.0,扩展正样本：AI服务器代工，算力需求爆发
鼎阳科技,688112,2022,2x,2.3,True,False,0.7688636189212893,False,0.7673205249081961,True,0.7915,0.85,0.8,0.8,0.5,0.7165,0.65,10.0,3.0,S,R2,0.710481967507589,1.0,1.0,扩展正样本：示波器国产替代，研发加速
汇川技术,300124,2020,2x,2.5,True,False,0.7632965417948799,False,0.7708360259783117,True,0.7364999999999999,0.85,0.82,0.76,0.5,0.724,0.7,18.0,2.5,A,R1,0.7058937966834355,1.0,1.05,2x Patch样本（工控龙头）
英伟达供应链_沪电股份,002463,2023,2x,2.5,True,False,0.7629246206582279,False,0.7525783215441592,True,0.8490000000000001,0.9,0.82,0.86,0.5,0.7965000000000001,0.65,8.0,3.5,S,R2,0.7541469471943233,1.0,1.05,扩展正样本：高速PCB，AI推动需求
天合光能,688599,2021,3x,2.8,True,True,0.7528089093828371,False,0.7405285777617492,True,0.8039999999999999,0.9,0.8,0.84,0.5,0.789,0.6,12.0,3.5,S,R2,0.7420720877041738,1.0,1.05,Prompt文件原始样本
昆仑万维,300418,2023,3x,2.8,True,True,0.7512894737095687,False,0.7385838263282736,True,0.754,0.85,0.78,0.84,0.4,0.6340000000000001,0.4,15.0,3.0,S,R2,0.6714520503357093,0.97,1.05,Prompt文件原始样本
华友钴业,603799,2020,2x,2.5,True,False,0.7450070478487909,False,0.7439933317341764,True,0.7915,0.85,0.78,0.8,0.48,0.6715000000000001,0.65,15.0,2.5,S,R1,0.6888827145686818,1.0,1.0,扩展正样本：钴资源+三元前驱体，新能源周期
智飞生物,300122,2020,3x,2.3,True,True,0.7105867103536506,False,0.7075021262113433,True,0.7839999999999999,0.85,0.7,0.8,0.45,0.709,0.6,15.0,2.8,S,R1,0.6753552178420612,0.97,1.0,Prompt文件原始样本（FN边缘）
晶澳科技,002459,2021,2x,2.3,True,False,0.6935939655951282,False,0.6879733557343557,True,0.7765,0.85,0.78,0.8,0.45,0.7615000000000001,0.55,18.0,2.5,S,R2,0.7077915182452218,1.0,1.0,2x Patch样本（光伏组件）
三花智控,002050,2020,2x,2.2,True,False,0.6922003043314716,False,0.6892692176982834,True,0.651,0.85,0.72,0.72,0.5,0.6885,0.65,22.0,2.0,A,R1,0.6627588631714263,1.0,1.0,2x Patch样本（热管理）
北京君正,300223,2019,3x,2.2,True,True,0.6833303515722186,False,0.6793335464773836,False,0.689,0.85,0.7,0.78,0.45,0.6339999999999999,0.5,20.0,2.5,S,R2,0.6484665392109428,0.97,1.0,Prompt文件原始样本（FN边缘）
北方华创_19,002371,2019,neg,1.8,False,False,0.6712436283177755,False,0.6766150303607497,False,0.729,0.85,0.68,0.68,0.5,0.7165,0.65,12.0,2.2,A,R2,0.6505913753468746,1.0,1.0,原始负样本边缘：2019年时机不对，2022年才爆发
华测检测,300012,2020,2x,2.2,True,False,0.6406512839735768,False,0.6316717753013613,False,0.6285,0.78,0.65,0.6,0.5,0.6659999999999999,0.5,28.0,2.0,A,R1,0.6073767070205397,1.0,1.0,2x Patch样本（FN边缘，检测）
金山办公,688111,2020,2x,2.2,True,False,0.6378237952015275,False,0.6411100133700152,False,0.6715,0.85,0.72,0.72,0.35,0.709,0.6,30.0,2.5,A,R1,0.6355174597244401,0.97,1.0,扩展正样本：疫情驱动远程办公，国产替代
万兴科技_23,300624,2023,3x,2.1,True,True,0.6237965934691223,False,0.6140427765277623,False,0.6665,0.85,0.7,0.78,0.4,0.5665,0.35,20.0,2.5,S,R2,0.6179979634941246,0.92,1.0,Prompt文件原始样本（FN边缘，AI概念）
领益智造,002600,2019,3x,2.1,True,True,0.6107719964149968,False,0.6072516958296454,False,0.7389999999999999,0.85,0.68,0.78,0.45,0.6339999999999999,0.5,18.0,2.8,S,R2,0.6440665392109428,0.97,1.0,Prompt文件原始样本（FN边缘）
迈瑞医疗,300760,2020,2x,2.0,True,False,0.6106506612464977,False,0.6145712305763888,False,0.6525000000000001,0.85,0.65,0.6,0.45,0.7124999999999999,0.75,25.0,1.5,A,R1,0.609210180983732,0.97,1.0,2x Patch样本（FN边缘，慢牛）
柏楚电子,688188,2021,neg,1.5,False,False,0.5741418327798129,False,0.5700654862995919,False,0.581,0.78,0.68,0.55,0.38,0.636,0.6,35.0,2.0,A,R2,0.565092670796582,0.97,1.0,原始负样本：增速不够快
比亚迪_22,002594,2022,neg,0.85,False,False,0.543043017690149,False,0.6152395892258727,False,0.66,0.85,0.78,0.78,0.3,0.765,0.8,50.0,1.2,S,R4,0.6701956309650029,0.85,1.0,扩展负样本：大市值天花板+渗透率>50%
宁德时代_22,300750,2022,neg,0.75,False,False,0.5398701779527171,False,0.5630504394247842,False,0.635,0.78,0.72,0.8,0.25,0.8250000000000001,0.9,55.0,1.5,S,R4,0.6683884608556316,0.78,1.0,扩展负样本：高渗透率+R4宏观，典型好股但时机差
景嘉微,300474,2023,neg,1.3,False,False,0.5308031292241072,False,0.5236797262448253,False,0.641,0.78,0.52,0.72,0.35,0.5535000000000001,0.45,15.0,2.0,A,R2,0.5473241286003608,0.92,1.0,原始负样本：GPU量产延迟
中科创达,300496,2021,neg,1.6,False,False,0.511547696043735,False,0.5046193037287282,False,0.591,0.78,0.62,0.6,0.4,0.48350000000000004,0.45,30.0,2.0,A,R2,0.5274031184455771,0.92,1.0,原始负样本：华为不确定性
恩捷股份,002812,2021,neg,1.45,False,False,0.5057319604911071,False,0.5003024429072876,False,0.5735,0.78,0.62,0.6,0.4,0.6285000000000001,0.55,38.0,2.0,A,R2,0.5683601621656514,0.8464,1.0,原始负样本：隔膜竞争加剧
开立医疗,300633,2022,neg,1.3,False,False,0.504474430615394,False,0.5037967032874096,False,0.5735,0.78,0.55,0.55,0.4,0.5585,0.55,22.0,1.8,B,R3,0.5193780446261954,0.97,1.0,扩展负样本：医疗器械集采预期压制
阳光电源_23,300274,2023,neg,0.7,False,False,0.49905645882957905,False,0.5185781404001405,False,0.6260000000000001,0.78,0.68,0.72,0.3,0.7935000000000001,0.75,45.0,1.8,A,R3,0.6392728555228555,0.78,1.0,扩展负样本：逆变器渗透率已高，估值过热后下行
信维通信,300136,2019,neg,1.3,False,False,0.4891437567005542,False,0.4891437567005542,False,0.4225,0.0,0.58,0.62,0.4,0.51,0.4,40.0,1.5,B,R2,0.5316779964136459,0.92,1.0,原始负样本：天线可替代
隆基绿能_22,601012,2022,neg,0.65,False,False,0.48398057159410107,False,0.49967992451623244,False,0.6110000000000001,0.78,0.6,0.72,0.35,0.7335,0.65,45.0,1.8,A,R3,0.615976238308965,0.78,1.0,扩展负样本：N型替代冲击，渗透率已高
龙芯中科,688047,2023,neg,0.8,False,False,0.4638907933793444,False,0.4638907933793444,False,0.6234999999999999,0.78,0.38,0.62,0.5,0.49100000000000005,0.5,8.0,1.8,B,R2,0.5042291232384178,0.92,1.0,原始负样本：商业化证伪
恒瑞医药,600276,2021,neg,0.55,False,False,0.45755158216738684,False,0.4757675403605219,False,0.605,0.78,0.6,0.6,0.35,0.75,0.7,40.0,1.5,A,R3,0.5864984471899924,0.78,1.0,扩展负样本：医保集采政策黑天鹅
天齐锂业_22,002466,2022,neg,0.5,False,False,0.4469581472431304,False,0.5124270114705709,False,0.66,0.85,0.65,0.68,0.35,0.605,0.8,25.0,1.2,A,R4,0.579668565011958,0.85,1.0,扩展负样本：锂矿周期顶部，价格暴跌
万兴科技_对照,300624,2023,neg,1.4,False,False,0.44309423264247766,False,0.4377172052283225,False,0.5135000000000001,0.78,0.62,0.68,0.35,0.4685,0.35,25.0,1.8,B,R2,0.5338014697906373,0.82,1.0,原始负样本：AI概念退潮后对照组
蓝思科技,300433,2019,neg,1.25,False,False,0.43736767944153576,False,0.43736767944153576,False,0.4225,0.0,0.52,0.52,0.42,0.44,0.4,45.0,1.5,B,R2,0.4753996515668867,0.92,1.0,原始负样本：玻璃可替代
迈瑞医疗_21,300760,2021,neg,0.8,False,False,0.4364898842297167,False,0.4574287268464126,False,0.59,0.78,0.62,0.58,0.3,0.7124999999999999,0.75,35.0,1.5,A,R3,0.5638914285582008,0.78,1.0,扩展负样本：高PE消化，估值过高
中软国际,354,2023,neg,1.1,False,False,0.4327976190375149,False,0.4327976190375149,False,0.485,0.0,0.5,0.55,0.38,0.44,0.4,30.0,1.5,B,R2,0.47043219460599445,0.92,1.0,扩展负样本：IT服务，AI概念但无实质收益
东方财富_22,300059,2022,neg,0.75,False,False,0.374775526672802,False,0.3758102676034516,False,0.4975,0.0,0.55,0.5,0.3,0.6125,0.55,50.0,1.5,B,R4,0.49815783086353604,0.7544,1.0,扩展负样本：市场下行，券商经纪收入下滑
安恒信息,688023,2021,neg,0.7,False,False,0.3514845285706047,False,0.3514845285706047,False,0.485,0.0,0.48,0.52,0.35,0.44,0.4,25.0,1.5,B,R3,0.4511996515668867,0.7789999999999999,1.0,原始负样本：安全赛道内卷
金山办公_21,688111,2021,neg,1.2,False,False,0.350394829989567,False,0.3543572886719071,False,0.48249999999999993,0.0,0.58,0.5,0.3,0.575,0.6,42.0,1.5,B,R3,0.4944428317685816,0.71668,1.0,原始负样本：估值消化期
国轩高科,002074,2022,neg,0.9,False,False,0.34992562041876557,False,0.3528885896675622,False,0.4375,0.0,0.58,0.6,0.3,0.525,0.5,40.0,1.5,B,R4,0.5084498329619309,0.694048,1.0,扩展负样本：动力电池二线，份额被宁德挤压
博腾股份,300363,2023,neg,0.6,False,False,0.33690580652282937,False,0.34065435462631305,False,0.5,0.78,0.42,0.5,0.35,0.455,0.5,25.0,1.5,B,R2,0.4367363520850167,0.78,1.0,扩展负样本：CXO景气下行，客户推迟订单
汇顶科技,603160,2021,neg,0.6,False,False,0.320927175195352,False,0.32042642758882844,False,0.3975,0.0,0.45,0.5,0.3,0.5075000000000001,0.45,60.0,1.5,B,R3,0.4470983250388297,0.71668,1.0,扩展负样本：指纹芯片渗透率饱和
广联达,002410,2021,neg,0.9,False,False,0.3131888955415352,False,0.3141671898651771,False,0.46749999999999997,0.0,0.48,0.4,0.35,0.515,0.5,35.0,1.5,B,R3,0.4383646674459691,0.71668,1.0,原始负样本：地产拖累
卫宁健康,300253,2021,neg,0.75,False,False,0.31246993699838777,False,0.31246993699838777,False,0.4225,0.0,0.45,0.45,0.3,0.44,0.4,35.0,1.5,B,R3,0.41419662910708877,0.7544,1.0,扩展负样本：医疗信息化增速放缓
英科医疗,300677,2021,neg,0.35,False,False,0.23313305787269956,False,0.22398040634129185,False,0.24,0.0,0.4,0.45,0.35,0.3825,0.35,55.0,0.8,C,R3,0.3979355400693816,0.59248,1.0,扩展负样本：一次性手套需求后疫情崩塌
